{
    "name": "pg_jobmon",
    "abstract": "Job logging and monitoring extension",
    "version": "1.3.3.",
    "maintainer": [ 
        "Keith Fiske <keith@omniti.com>"
    ],
    "license": "postgresql",
    "generated_by": "Keith Fiske",
    "release_status": "stable",
    "prereqs": {
        "runtime": {
            "requires": {
                "PostgreSQL": "9.1.0",
                "dblink": "1.0.0"
            }
        }
    },
    "provides": {
        "pg_jobmon": {
            "file": "sql/pg_jobmon--1.3.3..sql",
            "docfile": "doc/pg_jobmon.md",
            "version": "1.3.3.",
            "abstract": "Job logging and monitoring extension"
        }
    },
    "resources": {
        "bugtracker": {
            "web": "https://github.com/omniti-labs/pg_jobmon/issues"
        },
        "repository": {
            "url": "git://github.com/omniti-labs/pg_jobmon.git" ,
            "web": "https://github.com/omniti-labs/pg_jobmon",
            "type": "git"
        }
    },    
    "meta-spec": {
      "version": "1.0.0",
      "url": "http://pgxn.org/meta/spec.txt"
    },
    "tags": [
        "function",
        "functions",
        "function logging",
        "function monitoring",
        "job",
        "jobs",
        "job logging",
        "job monitoring",
        "log",
        "logging",
        "monitoring"
    ]
}
